,Total Return,Sharpe,Max Drawdown
0,10325.162451947865,0.6305067687853166,-0.987234988136619
